fecha_entrada,fecha_entrada_dt,market_id,pregunta,señal,precio_entrada,precio_token_entrada,precio_actual,precio_cierre,pct_cambio,momentum_entrada,cambio_1h,cambio_4h,llm_confianza,llm_nota,monto_usdc,dias_mercado,fecha_cierre_mercado,fecha_cierre_real,pnl_realizado,estado,razon_cierre
2026-05-08,2026-05-08 07:59,553858,Will the New York Knicks win the 2026 NBA Finals?,COMPRAR YES,0.0935,0.0935,0.0955,0.0955,0.0214,0.0446,0.0686,0.0,0.8,El aumento repentino en la probabilidad de victoria del equipo sugiere un moment,17.84,54,2026-07-01,,0.38,CERRADA,
2026-05-08,2026-05-08 07:59,540818,New Playboi Carti Album before GTA VI?,COMPRAR YES,0.56,0.56,0.565,0.565,0.0089,0.0179,0.0275,0.0,0.8,El aumento en el precio y la señal de momento de comprar sugieren una tendencia ,7.16,84,2026-07-31,,0.06,CERRADA,
2026-05-08,2026-05-08 12:54,553824,Will the Carolina Hurricanes win the 2026 NHL Stanley Cup?,COMPRAR YES,0.345,0.345,0.345,0.345,0.0,0.0147,0.0147,0.0147,0.8,El aumento en el precio y el momentum de compra sugiere que el mercado está apos,5.73,53,2026-06-30,,0.0,CERRADA,
2026-05-08,2026-05-08 14:54,553849,Will the Montreal Canadiens win the 2026 NHL Stanley Cup?,COMPRAR YES,0.0465,0.0465,0.0605,0.0605,0.3011,0.0181,0.022,0.0109,0.8,El aumento en el precio y la señal de momentum comprador sugieren una tendencia ,7.02,53,2026-06-30,,2.11,CERRADA,
2026-05-08,2026-05-08 16:16,553858,Will the New York Knicks win the 2026 NBA Finals?,COMPRAR YES,0.0955,0.0955,0.1055,0.1055,0.1047,0.0286,0.0324,0.0214,0.8,El aumento en el precio y la señal de momentum comprador sugieren una tendencia ,11.01,54,2026-07-01,,1.15,CERRADA,
2026-05-08,2026-05-08 16:16,562187,Will John Cornyn win the 2026 Texas Republican Primary?,COMPRAR YES,0.395,0.395,0.425,0.425,0.0759,0.026,0.026,0.026,0.7,El alza en el precio y la señalización de momentum comprador sugieren una tenden,8.76,18,2026-05-26,,0.67,CERRADA,
2026-05-08,2026-05-08 16:16,540818,New Playboi Carti Album before GTA VI?,COMPRAR YES,0.565,0.565,0.54,0.54,-0.0442,0.0208,0.0367,-0.0088,0.5,sin análisis,5.0,84,2026-07-31,,-0.22,CERRADA,
2026-05-08,2026-05-08 17:52,553866,Will the San Antonio Spurs win the 2026 NBA Finals?,COMPRAR YES,0.1815,0.1815,0.193,0.193,0.0634,0.0419,0.0461,0.0342,0.7,El aumento en el precio y la señal de momentum comprador sugieren una tendencia ,13.75,54,2026-07-01,,0.87,CERRADA,
2026-05-08,2026-05-08 19:24,553849,Will the Montreal Canadiens win the 2026 NHL Stanley Cup?,COMPRAR YES,0.0605,0.0605,0.056,0.056,-0.0744,0.3197,0.3297,0.3011,0.7,El aumento en el precio y el cambio positivo en un corto período de tiempo sugie,20.0,53,2026-06-30,,-1.49,CERRADA,
2026-05-08,2026-05-08 20:34,553849,Will the Montreal Canadiens win the 2026 NHL Stanley Cup?,COMPRAR YES,0.056,0.056,0.069,0.069,0.2321,0.0324,-0.0744,0.2308,0.7,El movimiento de comprar parece tener sentido económico debido al momentum posit,10.25,53,2026-06-30,,2.38,CERRADA,
2026-05-08,2026-05-08 20:34,540817,New Rihanna Album before GTA VI?,COMPRAR YES,0.535,0.535,0.715,0.715,0.3364,0.0225,0.019,0.0288,0.8,El aumento en el precio y el cambio positivo en el corto plazo sugieren un inter,8.13,84,2026-07-31,,2.74,CERRADA,
2026-05-08,2026-05-08 23:40,553849,Will the Montreal Canadiens win the 2026 NHL Stanley Cup?,COMPRAR YES,0.069,0.069,0.075,0.075,0.087,0.2001,0.2321,0.1405,0.8,"El aumento del 23.2% en 1 hora y el 14.1% en 4 horas, junto con la señal de mome",20.0,53,2026-06-30,,1.74,CERRADA,
2026-05-08,2026-05-08 23:40,562186,Will Ken Paxton win the 2026 Texas Republican Primary?,COMPRAR NO,0.555,0.445,0.565,0.435,-0.0225,-0.0348,-0.0348,-0.0348,0.5,sin análisis,7.7,18,2026-05-26,,-0.17,CERRADA,
2026-05-09,2026-05-09 01:24,553858,Will the New York Knicks win the 2026 NBA Finals?,COMPRAR YES,0.1055,0.1055,0.0975,0.0975,-0.0758,0.0804,0.0765,0.0876,0.8,El aumento en el precio y el momentum de compra sugieren una tendencia alcista e,20.0,53,2026-07-01,,-1.52,CERRADA,
2026-05-09,2026-05-09 01:24,553851,Will the Buffalo Sabres win the 2026 NHL Stanley Cup?,COMPRAR NO,0.0755,0.9245,0.0695,0.9305,0.0065,-0.0595,-0.0258,-0.1221,0.5,sin análisis,12.76,52,2026-06-30,,0.08,CERRADA,
2026-05-09,2026-05-09 01:24,562187,Will John Cornyn win the 2026 Texas Republican Primary?,COMPRAR YES,0.425,0.425,0.435,0.435,0.0235,0.0266,0.0,0.0759,0.7,El aumento en el precio y la señal de momentum sugieren una tendencia alcista en,7.98,17,2026-05-26,,0.19,CERRADA,
2026-05-09,2026-05-09 01:24,553848,Will the Anaheim Ducks win the 2026 NHL Stanley Cup?,COMPRAR YES,0.042,0.042,0.042,0.042,0.0,0.0244,0.0244,0.0244,0.6,El aumento en el precio y la señal de momentum sugieren una tendencia alcista en,6.28,52,2026-06-30,2026-05-10 14:53,0.0,CERRADA,TIME_EXIT
2026-05-09,2026-05-09 04:50,540817,New Rihanna Album before GTA VI?,COMPRAR YES,0.715,0.715,0.665,0.665,-0.0699,0.3883,0.3883,0.3883,0.5,sin análisis,20.0,83,2026-07-31,,-1.4,CERRADA,
2026-05-09,2026-05-09 04:50,553829,Will the Vegas Golden Knights win the 2026 NHL Stanley Cup?,COMPRAR YES,0.11,0.11,0.109,0.109,-0.0091,0.3018,0.3018,0.3018,0.8,El aumento del 30.2% en el precio de la opción YES en un plazo de 1 y 4 horas su,20.0,52,2026-06-30,,-0.18,CERRADA,
2026-05-09,2026-05-09 04:50,553849,Will the Montreal Canadiens win the 2026 NHL Stanley Cup?,COMPRAR YES,0.075,0.075,0.0675,0.0675,-0.1,0.0819,0.0791,0.087,0.8,"El aumento en el precio y el cambio positivo en el corto plazo, junto con la señ",20.0,52,2026-06-30,,-2.0,CERRADA,
2026-05-09,2026-05-09 04:50,553866,Will the San Antonio Spurs win the 2026 NBA Finals?,COMPRAR YES,0.193,0.193,0.1985,0.1985,0.0285,0.08,0.0873,0.0663,0.7,El aumento en el precio y el momentum comprador sugieren una tendencia alcista e,20.0,53,2026-07-01,,0.57,CERRADA,
2026-05-09,2026-05-09 04:50,540818,New Playboi Carti Album before GTA VI?,COMPRAR YES,0.575,0.575,0.575,0.575,0.0,0.0361,0.0648,-0.0171,0.8,El aumento en el precio del 6.5% en 1 hora y la señal de compra sugieren un movi,11.71,83,2026-07-31,,0.0,CERRADA,
2026-05-09,2026-05-09 07:10,540817,New Rihanna Album before GTA VI?,COMPRAR YES,0.665,0.665,0.64,0.64,-0.0376,0.0565,-0.0699,0.2913,0.7,"El precio de la opción YES ha aumentado en un 29.1% en 4 horas, lo que sugiere u",14.22,83,2026-07-31,,-0.53,CERRADA,
2026-05-09,2026-05-09 10:09,553851,Will the Buffalo Sabres win the 2026 NHL Stanley Cup?,COMPRAR NO,0.0695,0.9305,0.0665,0.9335,0.0032,-0.0451,-0.1203,0.0945,0.7,"El precio ya es bajo y el cambio de 1 hora es negativo, lo que no justifica una ",11.12,52,2026-06-30,2026-05-09 16:36,0.04,CERRADA,TIME_EXIT
2026-05-09,2026-05-09 13:53,553849,Will the Montreal Canadiens win the 2026 NHL Stanley Cup?,COMPRAR YES,0.071,0.071,0.0725,0.0725,0.0211,0.1196,0.1008,0.1545,0.8,El aumento en el precio y el momentum comprador sugieren una tendencia alcista e,20.0,52,2026-06-30,2026-05-09 18:05,0.42,CERRADA,TIME_EXIT
2026-05-09,2026-05-09 15:56,553866,Will the San Antonio Spurs win the 2026 NBA Finals?,COMPRAR YES,0.2065,0.2065,0.2115,0.2115,0.0242,0.0403,0.0403,0.0403,0.8,"El aumento en el precio y el cambio en las últimas horas, combinado con la señal",10.86,53,2026-07-01,2026-05-09 20:27,0.26,CERRADA,TIME_EXIT
2026-05-09,2026-05-09 15:56,553829,Will the Vegas Golden Knights win the 2026 NHL Stanley Cup?,COMPRAR YES,0.1125,0.1125,0.113,0.113,0.0044,0.024,0.0321,0.009,0.7,El aumento en el precio y la señal de momentum comprador sugieren una tendencia ,5.66,52,2026-06-30,2026-05-09 20:27,0.03,CERRADA,TIME_EXIT
2026-05-09,2026-05-09 15:57,553858,Will the New York Knicks win the 2026 NBA Finals?,COMPRAR YES,0.1015,0.1015,0.1065,0.1065,0.0493,0.0219,0.0201,0.0253,0.8,"La señal de momentum indica una tendencia alcista, lo que sugiere que el precio ",5.9,53,2026-07-01,2026-05-09 20:27,0.29,CERRADA,TIME_EXIT
2026-05-09,2026-05-09 16:24,562186,Will Ken Paxton win the 2026 Texas Republican Primary?,COMPRAR YES,0.58,0.58,0.585,0.585,0.0086,0.0265,0.0265,0.0265,0.8,"El movimiento refleja un incremento en la apuesta a favor de Ken Paxton, lo que ",6.9,17,2026-05-26,2026-05-09 20:27,0.06,CERRADA,TIME_EXIT
2026-05-09,2026-05-09 16:36,540817,New Rihanna Album before GTA VI?,COMPRAR YES,0.67,0.67,0.635,0.635,-0.0522,0.0229,0.0229,0.0229,0.8,El aumento en el precio y el momentum comprador sugiere que los inversores creen,6.0,83,2026-07-31,2026-05-09 18:05,-0.31,CERRADA,STOP_LOSS
2026-05-09,2026-05-09 18:05,566188,Will Manchester City win the 2025–26 English Premier League?,COMPRAR YES,0.225,0.225,0.265,0.265,0.1778,0.2103,0.3235,0.0,0.8,El aumento del 32.4% en la probabilidad de victoria de Manchester City en la últ,20.0,18,2026-05-27,2026-05-09 19:34,3.56,CERRADA,TAKE_PROFIT
2026-05-09,2026-05-09 18:05,562803,Will the Republican Party control the House after the 2026 Midterm ele,COMPRAR YES,0.235,0.235,0.225,0.225,-0.0426,0.0605,0.093,0.0,0.8,El aumento en el precio y la señal de momentum sugieren una tendencia alcista en,16.35,178,2026-11-03,2026-05-09 22:08,-0.7,CERRADA,TIME_EXIT
2026-05-09,2026-05-09 18:05,569344,Will Abelardo de la Espriella win the 1st round of the 2026 Colombian ,COMPRAR YES,0.1005,0.1005,0.0935,0.0935,-0.0697,0.0305,0.0469,0.0,0.8,El aumento del 4.7% en el precio de la opción YES en la última hora sugiere un i,8.24,22,2026-05-31,2026-05-09 21:34,-0.57,CERRADA,STOP_LOSS
2026-05-09,2026-05-09 19:34,572733,Will Arsenal finish in 2nd place in the 2025-26 English Premier League,COMPRAR YES,0.255,0.255,0.285,0.285,0.1176,0.1787,0.275,0.0,0.8,El aumento del 27.5% en el precio de la opción YES en una hora sugiere un fuerte,20.0,18,2026-05-27,2026-05-09 23:06,2.35,CERRADA,TAKE_PROFIT
2026-05-09,2026-05-09 19:34,566188,Will Manchester City win the 2025–26 English Premier League?,COMPRAR YES,0.265,0.265,0.275,0.275,0.0377,0.1156,0.1778,0.0,0.8,El aumento del 17.8% en la última hora y la señal de momentum de 'COMPRAR YES' s,20.0,18,2026-05-27,2026-05-10 00:05,0.75,CERRADA,TIME_EXIT
2026-05-09,2026-05-09 19:34,572734,Will Manchester City finish in 2nd place in the 2025-26 English Premie,COMPRAR YES,0.755,0.755,0.735,0.735,-0.0265,0.077,0.1185,0.0,0.8,El aumento del 11.8% en la última hora y la señal de momentum de Comprar YES sug,20.0,18,2026-05-27,2026-05-10 00:05,-0.53,CERRADA,TIME_EXIT
2026-05-09,2026-05-09 19:34,562831,"2026 Balance of Power: R Senate, R House",COMPRAR YES,0.225,0.225,0.21,0.21,-0.0667,0.0302,0.0465,0.0,0.8,El aumento en el precio de 'YES' puede deberse a factores como una percepción po,7.91,178,2026-11-03,2026-05-09 22:08,-0.53,CERRADA,STOP_LOSS
2026-05-09,2026-05-09 19:34,562794,Will the Republican Party control the Senate after the 2026 Midterm el,COMPRAR YES,0.565,0.565,0.545,0.545,-0.0354,0.0239,0.0367,0.0,0.7,El aumento en el precio y la señal de momentum de compra sugieren que los invers,5.47,178,2026-11-03,2026-05-10 00:05,-0.19,CERRADA,TIME_EXIT
2026-05-09,2026-05-09 20:27,564194,Will the Cleveland Cavaliers win the NBA Eastern Conference Finals?,COMPRAR YES,0.095,0.095,0.105,0.105,0.1053,0.1176,0.1176,0.1176,0.8,El aumento en el precio y el momentum de compras sugiere una confianza creciente,20.0,35,2026-06-13,2026-05-09 20:42,2.11,CERRADA,TAKE_PROFIT
2026-05-09,2026-05-09 20:27,572121,Callum Turner announced as next James Bond?,COMPRAR YES,0.071,0.071,0.0665,0.0665,-0.0634,0.0922,0.1181,0.0441,0.8,El aumento en el precio del mercado sugiere que los inversores creen que Callum ,20.0,52,2026-06-30,2026-05-09 23:06,-1.27,CERRADA,STOP_LOSS
2026-05-09,2026-05-09 20:27,553866,Will the San Antonio Spurs win the 2026 NBA Finals?,COMPRAR YES,0.2115,0.2115,0.2055,0.2055,-0.0284,0.0538,0.0602,0.0419,0.8,El aumento en el precio y la señal de momentum sugieren una tendencia alcista en,13.15,53,2026-07-01,2026-05-10 01:26,-0.37,CERRADA,TIME_EXIT
2026-05-09,2026-05-09 20:42,564194,Will the Cleveland Cavaliers win the NBA Eastern Conference Finals?,COMPRAR YES,0.105,0.105,0.09,0.09,-0.1429,0.2353,0.2353,0.2353,0.8,El movimiento de compra tiene sentido dado el aumento significativo en el precio,20.0,35,2026-06-13,2026-05-10 00:05,-2.86,CERRADA,STOP_LOSS
2026-05-09,2026-05-09 21:01,569373,Will Paloma Valencia win the 2026 Colombian presidential election?,COMPRAR NO,0.1675,0.8325,0.1595,0.8405,0.0096,-0.1015,-0.1769,-0.1769,0.5,sin análisis,14.21,43,2026-06-21,2026-05-10 01:26,0.14,CERRADA,TIME_EXIT
2026-05-09,2026-05-09 21:34,562793,Will the Democratic Party control the Senate after the 2026 Midterm el,COMPRAR YES,0.465,0.465,0.465,0.465,0.0,0.0415,0.0449,0.022,0.7,El aumento en el precio y el cambio positivo en las últimas horas sugiere un sen,8.04,178,2026-11-03,2026-05-10 04:16,0.0,CERRADA,TIME_EXIT
2026-05-09,2026-05-09 22:08,562803,Will the Republican Party control the House after the 2026 Midterm ele,COMPRAR NO,0.225,0.775,0.215,0.785,0.0129,-0.0426,-0.0426,-0.0426,0.5,sin análisis,6.05,178,2026-11-03,2026-05-10 04:16,0.08,CERRADA,TIME_EXIT
2026-05-09,2026-05-09 23:06,572733,Will Arsenal finish in 2nd place in the 2025-26 English Premier League,COMPRAR YES,0.285,0.285,0.275,0.275,-0.0351,0.1427,0.1176,0.425,0.7,El aumento en el precio y el cambio positivo en las últimas horas sugieren un mo,20.0,18,2026-05-27,2026-05-10 04:16,-0.7,CERRADA,TIME_EXIT
2026-05-09,2026-05-09 23:06,553829,Will the Vegas Golden Knights win the 2026 NHL Stanley Cup?,COMPRAR YES,0.1155,0.1155,0.116,0.116,0.0043,0.0425,0.0452,0.0267,0.8,El aumento en el precio y el cambio positivo en las últimas horas sugieren un mo,10.26,52,2026-06-30,2026-05-10 04:16,0.04,CERRADA,TIME_EXIT
2026-05-10,2026-05-10 00:05,569366,Will Abelardo de la Espriella  win the 2026 Colombian presidential ele,COMPRAR YES,0.405,0.405,0.415,0.415,0.0247,0.0253,0.0253,0.0253,0.8,El aumento en el precio y la señal de momentum comprador sugieren que los invers,6.44,42,2026-06-21,2026-05-10 04:16,0.16,CERRADA,TIME_EXIT
2026-05-10,2026-05-10 00:05,562828,"2026 Balance of Power: D Senate, D House",COMPRAR YES,0.425,0.425,0.425,0.425,0.0,0.0241,0.0241,0.0241,0.8,El aumento en el precio de la opción YES sugiere un incremento en la confianza d,6.13,177,2026-11-03,2026-05-10 04:16,0.0,CERRADA,TIME_EXIT
2026-05-10,2026-05-10 00:05,569368,Will Ivan Cepeda Castro win the 2026 Colombian presidential election?,COMPRAR YES,0.425,0.425,0.425,0.425,0.0,0.0241,0.0241,0.0241,0.7,El aumento en el precio y la señal de momentum comprador sugieren una tendencia ,5.36,42,2026-06-21,2026-05-10 04:16,0.0,CERRADA,TIME_EXIT
2026-05-10,2026-05-10 01:26,569344,Will Abelardo de la Espriella win the 1st round of the 2026 Colombian ,COMPRAR YES,0.104,0.104,0.111,0.111,0.0673,0.052,0.0612,0.0,0.5,sin análisis,8.39,21,2026-05-31,2026-05-10 07:13,0.56,CERRADA,TIME_EXIT
2026-05-10,2026-05-10 04:17,553849,Will the Montreal Canadiens win the 2026 NHL Stanley Cup?,COMPRAR YES,0.073,0.073,0.074,0.074,0.0137,0.168,0.168,0.168,0.2,El aumento repentino del precio no se sostiene en una tendencia a largo plazo y ,11.74,51,2026-06-30,2026-05-10 09:06,0.16,CERRADA,TIME_EXIT
2026-05-10,2026-05-10 04:17,562831,"2026 Balance of Power: R Senate, R House",COMPRAR YES,0.235,0.235,0.235,0.235,0.0,0.0444,0.0444,0.0444,0.8,El aumento de precio y el cambio en la señal de momentum hacia 'COMPRAR' sugiere,12.41,177,2026-11-03,2026-05-10 09:06,0.0,CERRADA,TIME_EXIT
2026-05-10,2026-05-10 04:17,564195,Will the New York Knicks win the NBA Eastern Conference Finals?,COMPRAR YES,0.585,0.585,0.555,0.555,-0.0513,0.0368,0.0354,0.0446,0.8,El aumento en la probabilidad de victoria y la señal de compra sugieren un momen,10.28,34,2026-06-13,2026-05-10 07:13,-0.53,CERRADA,STOP_LOSS
2026-05-10,2026-05-10 04:17,553851,Will the Buffalo Sabres win the 2026 NHL Stanley Cup?,COMPRAR YES,0.0665,0.0665,0.0665,0.0665,0.0,0.031,0.031,0.031,0.8,El aumento en el precio y la señal de compra sugieren un momentum alcista para e,8.66,51,2026-06-30,2026-05-10 09:06,0.0,CERRADA,TIME_EXIT
2026-05-10,2026-05-10 04:17,572133,No one announced as next James Bond?,COMPRAR YES,0.695,0.695,0.71,0.71,0.0216,0.0296,0.0296,0.0296,0.8,El aumento en el precio de la opción YES sugiere que los inversores creen que es,8.27,51,2026-06-30,2026-05-10 09:06,0.18,CERRADA,TIME_EXIT
2026-05-10,2026-05-10 04:17,540817,New Rihanna Album before GTA VI?,COMPRAR YES,0.59,0.59,0.67,0.67,0.1356,0.0261,0.0261,0.0261,0.8,El aumento en el precio y la señal de comprar sugieren una tendencia alcista en ,7.29,82,2026-07-31,2026-05-10 09:06,0.99,CERRADA,TAKE_PROFIT
2026-05-10,2026-05-10 04:17,540818,New Playboi Carti Album before GTA VI?,COMPRAR YES,0.585,0.585,0.55,0.55,-0.0598,0.025,0.0263,0.0174,0.7,El aumento en el precio y la señal de momentum comprador sugieren que el mercado,6.11,82,2026-07-31,2026-05-10 09:06,-0.37,CERRADA,STOP_LOSS
2026-05-10,2026-05-10 04:17,569366,Will Abelardo de la Espriella  win the 2026 Colombian presidential ele,COMPRAR YES,0.415,0.415,0.41,0.41,-0.012,0.0247,0.0247,0.0247,0.7,El aumento en el precio y el señal de momentum comprador sugiere que los inverso,6.04,42,2026-06-21,2026-05-10 09:06,-0.07,CERRADA,TIME_EXIT
2026-05-10,2026-05-10 07:13,569344,Will Abelardo de la Espriella win the 1st round of the 2026 Colombian ,COMPRAR YES,0.111,0.111,0.1065,0.1065,-0.0405,0.0897,0.0936,0.0673,0.8,El aumento en el precio y los cambios en las últimas horas sugieren un increment,20.0,21,2026-05-31,2026-05-10 11:34,-0.81,CERRADA,TIME_EXIT
2026-05-10,2026-05-10 07:13,553858,Will the New York Knicks win the 2026 NBA Finals?,COMPRAR YES,0.113,0.113,0.1155,0.1155,0.0221,0.0542,0.0512,0.0711,0.8,El aumento en el precio y la señal de momentum comprador sugieren una tendencia ,14.02,52,2026-07-01,2026-05-10 11:34,0.31,CERRADA,TIME_EXIT
2026-05-10,2026-05-10 07:13,564195,Will the New York Knicks win the NBA Eastern Conference Finals?,COMPRAR NO,0.555,0.445,0.555,0.4449999999999999,-0.0,-0.0462,-0.0513,-0.0177,0.5,sin análisis,7.47,34,2026-06-13,2026-05-10 11:34,-0.0,CERRADA,TIME_EXIT
2026-05-10,2026-05-10 09:06,569373,Will Paloma Valencia win the 2026 Colombian presidential election?,COMPRAR YES,0.1565,0.1565,0.1665,0.1665,0.0639,0.2201,0.2179,0.2323,0.8,El aumento repentino en el precio y la señal de momentum de 'COMPRAR YES' sugier,20.0,42,2026-06-21,2026-05-10 14:02,1.28,CERRADA,TIME_EXIT
2026-05-10,2026-05-10 09:06,564194,Will the Cleveland Cavaliers win the NBA Eastern Conference Finals?,COMPRAR YES,0.1,0.1,0.105,0.105,0.05,0.1765,0.1765,0.1765,0.8,El aumento en el precio y el cambio positivo en las últimas horas sugieren un mo,20.0,34,2026-06-13,2026-05-10 14:02,1.0,CERRADA,TIME_EXIT
2026-05-10,2026-05-10 09:06,540817,New Rihanna Album before GTA VI?,COMPRAR YES,0.67,0.67,0.58,0.58,-0.1343,0.1438,0.1453,0.1356,0.8,El aumento en el precio y el cambio positivo en las últimas horas sugieren un mo,20.0,82,2026-07-31,2026-05-10 11:34,-2.69,CERRADA,STOP_LOSS
2026-05-10,2026-05-10 09:06,564198,Will the Detroit Pistons win the NBA Eastern Conference Finals?,COMPRAR YES,0.3405,0.3405,0.32,0.32,-0.0602,0.0589,0.0591,0.0575,0.8,El aumento en el precio y el momentum positivo sugieren que el mercado está apoy,15.7,34,2026-06-13,2026-05-10 14:02,-0.95,CERRADA,STOP_LOSS
2026-05-10,2026-05-10 09:06,558936,Will France win the 2026 FIFA World Cup?,COMPRAR YES,0.1775,0.1775,0.1785,0.1785,0.0056,0.035,0.035,0.035,0.8,"El aumento en el precio y el cambio positivo en las últimas horas, combinado con",9.33,71,2026-07-20,2026-05-10 14:02,0.05,CERRADA,TIME_EXIT
2026-05-10,2026-05-10 10:38,553838,Will the Minnesota Wild win the 2026 NHL Stanley Cup?,COMPRAR YES,0.0525,0.0525,0.046,0.046,-0.1238,0.1878,0.2209,0.0,0.7,El aumento del 22.1% en 1 hora y la señal de momentum de comprar YES sugieren un,20.0,51,2026-06-30,2026-05-10 12:42,-2.48,CERRADA,STOP_LOSS
2026-05-10,2026-05-10 11:34,540817,New Rihanna Album before GTA VI?,COMPRAR NO,0.58,0.42,0.625,0.375,-0.1071,-0.1249,-0.1343,-0.0085,0.7,"El precio disminuye en un corto período de tiempo, lo que sugiere una pérdida de",20.0,82,2026-07-31,2026-05-10 14:29,-2.14,CERRADA,STOP_LOSS
2026-05-10,2026-05-10 11:34,553851,Will the Buffalo Sabres win the 2026 NHL Stanley Cup?,COMPRAR YES,0.0695,0.0695,0.0675,0.0675,-0.0288,0.0451,0.0451,0.0451,0.7,El aumento en el precio y la señal de momentum comprador sugieren una tendencia ,9.78,51,2026-06-30,2026-05-10 16:30,-0.28,CERRADA,TIME_EXIT
2026-05-10,2026-05-10 14:02,553824,Will the Carolina Hurricanes win the 2026 NHL Stanley Cup?,COMPRAR YES,0.355,0.355,0.36,0.36,0.0141,0.029,0.029,0.029,0.7,El aumento en el precio y el cambio positivo en las últimas horas sugieren un mo,6.84,51,2026-06-30,2026-05-10 22:36,0.1,CERRADA,TIME_EXIT
2026-05-10,2026-05-10 14:29,540817,New Rihanna Album before GTA VI?,COMPRAR YES,0.625,0.625,0.535,0.535,-0.144,0.0719,0.0965,-0.0672,0.8,El aumento repentino en el precio del 'YES' y la señal de momentum para comprar ,19.7,82,2026-07-31,2026-05-10 16:30,-2.84,CERRADA,STOP_LOSS
2026-05-10,2026-05-10 14:29,572733,Will Arsenal finish in 2nd place in the 2025-26 English Premier League,COMPRAR YES,0.27,0.27,0.145,0.145,-0.463,0.0218,0.0189,0.0385,0.8,El aumento en el precio de la opción YES en un corto período de tiempo y la seña,5.97,17,2026-05-27,2026-05-10 17:48,-2.76,CERRADA,STOP_LOSS
2026-05-10,2026-05-10 15:21,569344,Will Abelardo de la Espriella win the 1st round of the 2026 Colombian ,COMPRAR NO,0.1015,0.8985,0.1085,0.8915,-0.0078,-0.0424,-0.0469,-0.0469,0.5,sin análisis,7.05,21,2026-05-31,2026-05-10 22:36,-0.05,CERRADA,TIME_EXIT
2026-05-10,2026-05-10 16:30,566188,Will Manchester City win the 2025–26 English Premier League?,COMPRAR YES,0.31,0.31,0.135,0.135,-0.5645,0.1273,0.1273,0.1273,0.5,sin análisis,20.0,17,2026-05-27,2026-05-10 17:32,-11.29,CERRADA,STOP_LOSS
2026-05-10,2026-05-10 16:30,562828,"2026 Balance of Power: D Senate, D House",COMPRAR YES,0.445,0.445,0.435,0.435,-0.0225,0.0266,0.023,0.0471,0.8,El aumento en el precio de la opción YES puede indicar que los inversores espera,7.29,177,2026-11-03,2026-05-10 22:36,-0.16,CERRADA,TIME_EXIT
2026-05-10,2026-05-10 16:30,569366,Will Abelardo de la Espriella  win the 2026 Colombian presidential ele,COMPRAR YES,0.425,0.425,0.42,0.42,-0.0118,0.026,0.0241,0.0366,0.8,El aumento en el precio y el cambio positivo en las últimas horas sugieren una t,7.12,42,2026-06-21,2026-05-10 22:36,-0.08,CERRADA,TIME_EXIT
2026-05-10,2026-05-10 16:49,553838,Will the Minnesota Wild win the 2026 NHL Stanley Cup?,COMPRAR YES,0.0515,0.0515,0.047,0.047,-0.0874,0.1093,0.1075,0.1196,0.8,El aumento en el precio y el momentum de compra sugieren una tendencia alcista e,20.0,51,2026-06-30,2026-05-10 22:36,-1.75,CERRADA,STOP_LOSS
2026-05-10,2026-05-10 17:32,566187,Will Arsenal win the 2025–26 English Premier League?,COMPRAR NO,0.55,0.45,0.875,0.125,-0.7222,-0.2107,-0.2086,-0.2414,0.5,sin análisis,20.0,17,2026-05-27,2026-05-10 17:48,-14.44,CERRADA,STOP_LOSS
2026-05-10,2026-05-10 17:48,566187,Will Arsenal win the 2025–26 English Premier League?,COMPRAR YES,0.875,0.875,0.865,0.865,-0.0114,0.2557,0.259,0.2069,0.8,El aumento del precio del YES y la señal de compra sugieren un movimiento al alz,20.0,17,2026-05-27,2026-05-10 22:36,-0.23,CERRADA,TIME_EXIT
2026-05-10,2026-05-10 17:48,572734,Will Manchester City finish in 2nd place in the 2025-26 English Premie,COMPRAR YES,0.84,0.84,0.86,0.86,0.0238,0.1574,0.1586,0.1507,0.5,sin análisis,20.0,17,2026-05-27,2026-05-10 22:36,0.48,CERRADA,TIME_EXIT
2026-05-10,2026-05-10 17:48,569373,Will Paloma Valencia win the 2026 Colombian presidential election?,COMPRAR YES,0.1715,0.1715,0.1975,0.1975,0.1516,0.0363,0.03,0.03,0.8,El aumento en el precio y la señal de momentum comprador sugieren una tendencia ,9.12,42,2026-06-21,2026-05-10 22:36,1.38,CERRADA,TAKE_PROFIT
2026-05-10,2026-05-10 22:36,553858,Will the New York Knicks win the 2026 NBA Finals?,COMPRAR YES,0.139,0.139,0.1285,0.1285,-0.0755,0.2035,0.2035,0.2035,0.8,El aumento del 20.3% en el precio de la opción YES en un plazo de 1 y 4 horas su,20.0,52,2026-07-01,2026-05-11 01:25,-1.51,CERRADA,STOP_LOSS
2026-05-10,2026-05-10 22:36,553849,Will the Montreal Canadiens win the 2026 NHL Stanley Cup?,COMPRAR YES,0.0855,0.0855,0.096,0.096,0.1228,0.1554,0.1554,0.1554,0.8,El aumento del 15.5% en el precio de la opción YES en las últimas 4 horas sugier,20.0,51,2026-06-30,2026-05-11 00:54,2.46,CERRADA,TAKE_PROFIT
2026-05-10,2026-05-10 22:36,569373,Will Paloma Valencia win the 2026 Colombian presidential election?,COMPRAR YES,0.1975,0.1975,0.1865,0.1865,-0.0557,0.1516,0.1516,0.1516,0.8,El aumento de 15.2% en la última hora y la señal de compra sugieren una tendenci,20.0,42,2026-06-21,2026-05-11 00:54,-1.11,CERRADA,STOP_LOSS
2026-05-10,2026-05-10 22:36,569344,Will Abelardo de la Espriella win the 1st round of the 2026 Colombian ,COMPRAR YES,0.1085,0.1085,0.099,0.099,-0.0876,0.1302,0.1302,0.1302,0.8,El aumento del 13% en las últimas 4 horas sugiere un fuerte momentum a favor de ,20.0,21,2026-05-31,2026-05-10 22:53,-1.75,CERRADA,STOP_LOSS
2026-05-10,2026-05-10 22:36,566188,Will Manchester City win the 2025–26 English Premier League?,COMPRAR YES,0.135,0.135,0.135,0.135,0.0,0.08,0.08,0.08,0.8,El aumento del 8% en las probabilidades de victoria de Manchester City en un lap,20.0,17,2026-05-27,2026-05-11 02:24,0.0,CERRADA,TIME_EXIT
2026-05-10,2026-05-10 22:36,564195,Will the New York Knicks win the NBA Eastern Conference Finals?,COMPRAR YES,0.59,0.59,0.595,0.595,0.0085,0.0536,0.0536,0.0536,0.8,El aumento en el precio y el momentum sugieren una tendencia alcista en las apue,14.49,34,2026-06-13,2026-05-11 02:24,0.12,CERRADA,TIME_EXIT
2026-05-10,2026-05-10 22:36,564218,Will the San Antonio Spurs win the NBA Western Conference Finals?,COMPRAR YES,0.2885,0.2885,0.266,0.266,-0.078,0.0341,0.0341,0.0341,0.7,"El aumento en el precio y la señal de compra sugieren un movimiento alcista, lo ",8.07,37,2026-06-16,2026-05-10 23:56,-0.63,CERRADA,STOP_LOSS
2026-05-10,2026-05-10 23:56,553851,Will the Buffalo Sabres win the 2026 NHL Stanley Cup?,COMPRAR NO,0.062,0.938,0.0415,0.9585,0.0219,-0.0441,-0.0388,-0.0746,0.5,sin análisis,6.38,51,2026-06-30,2026-05-11 03:03,0.14,CERRADA,TIME_EXIT
2026-05-11,2026-05-11 02:24,569344,Will Abelardo de la Espriella win the 1st round of the 2026 Colombian ,COMPRAR YES,0.109,0.109,0.1085,0.1085,-0.0046,0.2197,0.2386,0.1354,0.8,El aumento en el precio y la señal de momentum comprador sugieren un interés cre,20.0,20,2026-05-31,2026-05-10 22:26,-0.09,CERRADA,TIME_EXIT
2026-05-11,2026-05-11 02:24,553838,Will the Minnesota Wild win the 2026 NHL Stanley Cup?,COMPRAR YES,0.0475,0.0475,0.046,0.046,-0.0316,0.0313,0.044,-0.0404,0.7,El aumento en el precio en la última hora y la señal de momentum para comprar su,7.31,50,2026-06-30,2026-05-10 22:26,-0.23,CERRADA,TIME_EXIT
2026-05-11,2026-05-11 02:36,564214,Will the Minnesota Timberwolves win the NBA Western Conference Finals?,COMPRAR YES,0.05,0.05,0.0465,0.0465,-0.07,0.1994,0.2346,0.0,0.8,El aumento en el precio del 23.5% en 1 hora y la señal de momentum comprando YES,20.0,36,2026-06-16,2026-05-10 21:41,-1.4,CERRADA,STOP_LOSS
2026-05-10,2026-05-11 03:03,553866,Will the San Antonio Spurs win the 2026 NBA Finals?,COMPRAR NO,0.1665,0.8335,0.1675,0.8325,-0.0012,-0.2014,-0.2014,-0.2014,0.5,sin análisis,20.0,52,2026-07-01,2026-05-10 22:26,-0.02,CERRADA,TIME_EXIT
2026-05-11,2026-05-11 02:54,553848,Will the Anaheim Ducks win the 2026 NHL Stanley Cup?,COMPRAR NO,0.0405,0.9595,0.0405,0.9595,0.0,-0.0357,-0.0357,-0.0357,0.5,sin análisis,6.0,50,2026-06-30,2026-05-11 06:28,0.0,CERRADA,TIME_EXIT
2026-05-11,2026-05-11 06:28,564218,Will the San Antonio Spurs win the NBA Western Conference Finals?,COMPRAR YES,0.2335,0.2335,0.2395,0.2395,0.0257,0.0252,0.0355,-0.0331,0.7,El movimiento de compra se basa en la señal de momentum y el aumento en el preci,5.93,36,2026-06-16,2026-05-11 10:46,0.15,CERRADA,TIME_EXIT
2026-05-11,2026-05-11 09:04,558940,Will Portugal win the 2026 FIFA World Cup?,COMPRAR YES,0.0785,0.0785,0.0755,0.0755,-0.0382,0.0397,0.0397,0.0397,0.8,El aumento en el precio y la señal de compra sugieren una tendencia alcista en l,10.57,70,2026-07-20,2026-05-11 13:59,-0.4,CERRADA,TIME_EXIT
2026-05-11,2026-05-11 09:04,553851,Will the Buffalo Sabres win the 2026 NHL Stanley Cup?,COMPRAR YES,0.043,0.043,0.0445,0.0445,0.0349,0.0361,0.0361,0.0361,0.8,El aumento en el precio y el momentum de compra sugiere una tendencia alcista en,9.62,50,2026-06-30,2026-05-11 13:59,0.34,CERRADA,TIME_EXIT
2026-05-11,2026-05-11 13:59,553838,Will the Minnesota Wild win the 2026 NHL Stanley Cup?,COMPRAR YES,0.044,0.044,0.048,0.048,0.0909,0.0732,0.0732,0.0732,0.8,El aumento en el precio y la señal de momentum comprador sugieren un movimiento ,19.67,50,2026-06-30,2026-05-11 17:10,1.79,CERRADA,TAKE_PROFIT
2026-05-11,2026-05-11 13:59,564194,Will the Cleveland Cavaliers win the NBA Eastern Conference Finals?,COMPRAR YES,0.11,0.11,0.105,0.105,-0.0455,0.0476,0.0476,0.0476,0.8,El aumento en el precio y la señal de momentum comprueba sugieren que el mercado,12.79,33,2026-06-13,2026-05-11 17:10,-0.58,CERRADA,TIME_EXIT
2026-05-11,2026-05-11 13:59,553866,Will the San Antonio Spurs win the 2026 NBA Finals?,COMPRAR YES,0.176,0.176,0.1755,0.1755,-0.0028,0.0445,0.0445,0.0445,0.7,"El aumento en el precio y el cambio positivo en el corto plazo, junto con la señ",10.46,51,2026-07-01,2026-05-11 17:10,-0.03,CERRADA,TIME_EXIT
2026-05-11,2026-05-11 17:10,553829,Will the Vegas Golden Knights win the 2026 NHL Stanley Cup?,COMPRAR YES,0.0845,0.0845,0.0835,0.0835,-0.0118,0.0293,0.0497,-0.0865,0.6,"El cambio en las últimas 4 horas es negativo, lo que sugiere una tendencia a la ",5.92,50,2026-06-30,2026-05-11 20:26,-0.07,CERRADA,TIME_EXIT
2026-05-11,2026-05-11 19:37,553858,Will the New York Knicks win the 2026 NBA Finals?,COMPRAR YES,0.132,0.132,0.1385,0.1385,0.0492,0.0518,0.0518,0.0518,0.8,El aumento en el precio y la señal de compra sugieren una tendencia alcista en l,13.82,51,2026-07-01,2026-05-11 22:55,0.68,CERRADA,TIME_EXIT
2026-05-11,2026-05-11 20:26,564198,Will the Detroit Pistons win the NBA Eastern Conference Finals?,COMPRAR YES,0.3115,0.3115,0.274,0.274,-0.1204,0.0495,0.0332,0.0298,0.7,El aumento en el precio y la señal de momentum sugieren una tendencia alcista en,11.42,33,2026-06-13,2026-05-11 21:05,-1.37,CERRADA,STOP_LOSS
2026-05-11,2026-05-11 20:26,553829,Will the Vegas Golden Knights win the 2026 NHL Stanley Cup?,COMPRAR NO,0.0835,0.9165,0.0825,0.9175,0.0011,-0.0333,-0.0457,0.0373,0.6,"La señal de momentum es COMPRAR NO, lo que sugiere que no es el momento adecuado",6.59,50,2026-06-30,2026-05-12 01:50,0.01,CERRADA,TIME_EXIT
2026-05-11,2026-05-11 21:05,564194,Will the Cleveland Cavaliers win the NBA Eastern Conference Finals?,COMPRAR YES,0.14,0.14,0.155,0.155,0.1071,0.3629,0.2174,0.3333,0.8,El aumento del precio y el cambio positivo en las últimas horas sugieren un mome,20.0,33,2026-06-13,2026-05-11 22:28,2.14,CERRADA,TAKE_PROFIT
2026-05-11,2026-05-11 22:55,553858,Will the New York Knicks win the 2026 NBA Finals?,COMPRAR YES,0.1385,0.1385,0.1355,0.1355,-0.0217,0.0817,0.0778,0.1036,0.8,El aumento en el precio y la señal de momentum comprando YES sugieren un movimie,20.0,51,2026-07-01,2026-05-12 04:43,-0.43,CERRADA,TIME_EXIT
2026-05-12,2026-05-12 06:44,569373,Will Paloma Valencia win the 2026 Colombian presidential election?,COMPRAR YES,0.157,0.157,0.1675,0.1675,0.0669,0.0215,0.0195,0.0329,0.7,El alza en el precio y la señal de compra sugieren una tendencia positiva hacia ,5.07,40,2026-06-21,2026-05-12 09:55,0.34,CERRADA,TIME_EXIT
2026-05-12,2026-05-12 08:27,564195,Will the New York Knicks win the NBA Eastern Conference Finals?,COMPRAR YES,0.62,0.62,0.62,0.62,0.0,0.0189,0.0164,0.0333,0.8,El aumento en el precio y el cambio positivo en las últimas horas sugiere un mom,5.06,32,2026-06-13,2026-05-12 11:53,0.0,CERRADA,TIME_EXIT
2026-05-12,2026-05-12 09:55,564218,Will the San Antonio Spurs win the NBA Western Conference Finals?,COMPRAR YES,0.2545,0.2545,0.2515,0.2515,-0.0118,0.0256,0.0221,0.0452,0.8,El aumento en el precio y los cambios en las últimas horas sugieren un momentum ,6.85,35,2026-06-16,2026-05-12 13:18,-0.08,CERRADA,TIME_EXIT
2026-05-12,2026-05-12 13:18,564198,Will the Detroit Pistons win the NBA Eastern Conference Finals?,COMPRAR YES,0.2445,0.2445,0.2495,0.2495,0.0204,0.0439,0.0426,0.0062,0.7,El aumento en el precio y la señal de momentum comprador sugieren una tendencia ,10.36,32,2026-06-13,2026-05-12 16:50,0.21,CERRADA,TIME_EXIT
2026-05-12,2026-05-12 15:45,564218,Will the San Antonio Spurs win the NBA Western Conference Finals?,COMPRAR NO,0.244,0.756,0.2485,0.7515000000000001,-0.006,-0.0227,-0.0201,-0.0375,0.7,El precio de la opción de que los San Antonio Spurs ganen ha disminuido en las ú,5.27,35,2026-06-16,2026-05-12 19:14,-0.03,CERRADA,TIME_EXIT
2026-05-12,2026-05-12 16:50,564198,Will the Detroit Pistons win the NBA Eastern Conference Finals?,COMPRAR YES,0.2495,0.2495,0.2275,0.2275,-0.0882,0.0641,0.0617,0.0778,0.8,El aumento en el precio y el cambio positivo en las últimas horas sugieren un mo,17.16,32,2026-06-13,2026-05-12 18:05,-1.51,CERRADA,STOP_LOSS
2026-05-12,2026-05-12 21:10,553851,Will the Buffalo Sabres win the 2026 NHL Stanley Cup?,COMPRAR YES,0.0655,0.0655,0.063,0.063,-0.0382,0.5755,0.5783,0.5595,0.8,El aumento repentino en el precio y la señal de momentum sugieren una creencia f,20.0,49,2026-06-30,2026-05-13 02:37,-0.76,CERRADA,TIME_EXIT
2026-05-12,2026-05-12 21:10,553866,Will the San Antonio Spurs win the 2026 NBA Finals?,COMPRAR YES,0.188,0.188,0.2055,0.2055,0.0931,0.0712,0.0712,0.0712,0.7,"El aumento del precio en las últimas horas y la señal de momentum comprando sí, ",16.77,50,2026-07-01,2026-05-12 22:40,1.56,CERRADA,TAKE_PROFIT
2026-05-12,2026-05-12 23:16,553829,Will the Vegas Golden Knights win the 2026 NHL Stanley Cup?,COMPRAR YES,0.0855,0.0855,0.1005,0.1005,0.1754,0.2494,0.2574,0.2042,0.7,El aumento en el precio y la señal de momentum comprador sugieren una tendencia ,20.0,49,2026-06-30,2026-05-13 02:37,3.51,CERRADA,TAKE_PROFIT
2026-05-13,2026-05-13 08:11,553829,Will the Vegas Golden Knights win the 2026 NHL Stanley Cup?,COMPRAR YES,0.1055,0.1055,0.1075,0.1075,0.019,0.041,0.0394,0.0498,0.8,El aumento en el precio y el momentum positivo sugieren una tendencia alcista en,11.11,48,2026-06-30,2026-05-13 11:51,0.21,CERRADA,TIME_EXIT
2026-05-13,2026-05-13 08:11,558937,Will Brazil win the 2026 FIFA World Cup?,COMPRAR YES,0.0915,0.0915,0.0915,0.0915,0.0,0.0225,0.0339,0.0339,0.7,El aumento en el precio y la señal de momentum de compra sugieren una tendencia ,5.33,68,2026-07-20,2026-05-13 11:51,0.0,CERRADA,TIME_EXIT
2026-05-13,2026-05-13 09:04,564194,Will the Cleveland Cavaliers win the NBA Eastern Conference Finals?,COMPRAR YES,0.15,0.15,0.145,0.145,-0.0333,0.0345,0.0345,0.0345,0.8,El aumento en el precio y la señal de momentum comprador sugieren una tendencia ,9.12,31,2026-06-13,2026-05-13 12:28,-0.3,CERRADA,TIME_EXIT
2026-05-13,2026-05-13 09:04,564198,Will the Detroit Pistons win the NBA Eastern Conference Finals?,COMPRAR YES,0.227,0.227,0.2385,0.2385,0.0507,0.0292,0.0248,0.0461,0.7,El aumento en el precio y la señal de momentum comprador sugieren una tendencia ,6.75,31,2026-06-13,2026-05-13 12:28,0.34,CERRADA,TIME_EXIT
2026-05-13,2026-05-13 12:28,564198,Will the Detroit Pistons win the NBA Eastern Conference Finals?,COMPRAR YES,0.2385,0.2385,0.226,0.226,-0.0524,0.0362,0.0484,0.0792,0.8,El aumento en el precio y el cambio positivo en el plazo de 1 y 4 horas sugieren,9.81,31,2026-06-13,2026-05-13 15:37,-0.51,CERRADA,TIME_EXIT
2026-05-13,2026-05-13 14:26,569373,Will Paloma Valencia win the 2026 Colombian presidential election?,COMPRAR NO,0.1735,0.8265,0.1745,0.8255,-0.0012,-0.0353,-0.0361,-0.0307,0.5,sin análisis,5.89,39,2026-06-21,2026-05-13 17:39,-0.01,CERRADA,TIME_EXIT
2026-05-13,2026-05-13 14:47,566188,Will Manchester City win the 2025–26 English Premier League?,COMPRAR YES,0.175,0.175,0.185,0.185,0.0571,0.2069,0.2069,0.2069,0.8,El aumento del 20.7% en el precio de la opción 'YES' en las últimas 4 horas sugi,20.0,14,2026-05-27,2026-05-13 17:54,1.14,CERRADA,TIME_EXIT
2026-05-13,2026-05-13 14:47,553866,Will the San Antonio Spurs win the 2026 NBA Finals?,COMPRAR YES,0.2055,0.2055,0.2185,0.2185,0.0633,0.0214,0.0199,0.0301,0.8,El aumento en el precio y el momentum hacia la compra sugieren una tendencia pos,5.67,49,2026-07-01,2026-05-13 17:54,0.36,CERRADA,TIME_EXIT
2026-05-13,2026-05-13 16:31,564194,Will the Cleveland Cavaliers win the NBA Eastern Conference Finals?,COMPRAR YES,0.15,0.15,0.12,0.12,-0.2,0.0345,0.0345,0.0345,0.8,El aumento en el precio y el momentum comprador sugieren un optimismo creciente ,8.91,31,2026-06-13,2026-05-13 20:47,-1.78,CERRADA,STOP_LOSS
2026-05-13,2026-05-13 17:54,553866,Will the San Antonio Spurs win the 2026 NBA Finals?,COMPRAR YES,0.2185,0.2185,0.2205,0.2205,0.0092,0.0487,0.0764,0.0844,0.7,El aumento en el precio y la señal de momentum de Comprar YES sugieren que el me,11.41,49,2026-07-01,2026-05-13 21:13,0.1,CERRADA,TIME_EXIT
2026-05-13,2026-05-13 17:54,564198,Will the Detroit Pistons win the NBA Eastern Conference Finals?,COMPRAR YES,0.234,0.234,0.2015,0.2015,-0.1389,0.0289,0.04,-0.0189,0.7,El aumento en la probabilidad de victoria en la última hora y la señal de moment,6.77,31,2026-06-13,2026-05-13 21:13,-0.94,CERRADA,STOP_LOSS
2026-05-13,2026-05-13 21:13,553849,Will the Montreal Canadiens win the 2026 NHL Stanley Cup?,COMPRAR YES,0.0615,0.0615,0.0595,,,0.0544,0.0696,-0.0315,0.5,sin análisis,9.19,48,2026-06-30,,,ABIERTA,
